<?xml version="1.0" encoding="utf-8"?>
<edmx:Edmx Version="1.0" xmlns:edmx="http://schemas.microsoft.com/ado/2007/06/edmx" xmlns:m="http://schemas.microsoft.com/ado/2007/08/dataservices/metadata" xmlns:sap="http://www.sap.com/Protocols/SAPData">
    <edmx:DataServices m:DataServiceVersion="2.0">
        <Schema Namespace="ZARBGW_AMBALAJ_PORTALI_SRV" xml:lang="en" sap:schema-version="1" xmlns="http://schemas.microsoft.com/ado/2008/09/edm">
            <EntityContainer Name="ZARBGW_AMBALAJ_PORTALI_SRV_Entities" m:IsDefaultEntityContainer="true" sap:supported-formats="atom json xlsx"/>
            <Annotation Term="Core.SchemaVersion" String="1.0.0" xmlns="http://docs.oasis-open.org/odata/ns/edm"/>
            <atom:link rel="self" href="https://vhvctds4ci.sap.abdiibrahim.com.tr:44300/sap/opu/odata/sap/ZARBGW_AMBALAJ_PORTALI_SRV/$metadata" xmlns:atom="http://www.w3.org/2005/Atom"/>
            <atom:link rel="latest-version" href="https://vhvctds4ci.sap.abdiibrahim.com.tr:44300/sap/opu/odata/sap/ZARBGW_AMBALAJ_PORTALI_SRV/$metadata" xmlns:atom="http://www.w3.org/2005/Atom"/>
        </Schema>
    </edmx:DataServices>
</edmx:Edmx>